"Longitude (x)","Latitude (y)","Station Name","Climate ID","Date/Time","Year","Month","Day","Data Quality","Max Temp (°C)","Max Temp Flag","Min Temp (°C)","Min Temp Flag","Mean Temp (°C)","Mean Temp Flag","Heat Deg Days (°C)","Heat Deg Days Flag","Cool Deg Days (°C)","Cool Deg Days Flag","Total Rain (mm)","Total Rain Flag","Total Snow (cm)","Total Snow Flag","Total Precip (mm)","Total Precip Flag","Snow on Grnd (cm)","Snow on Grnd Flag","Dir of Max Gust (10s deg)","Dir of Max Gust Flag","Spd of Max Gust (km/h)","Spd of Max Gust Flag"
"-115.07","49.49","FERNIE","1152850","2011-01-01","2011","01","01","","","","","","","","","","","","","","","","","","","","","","",""
"-115.07","49.49","FERNIE","1152850","2011-01-02","2011","01","02","†","-10.0","","-29.0","","-19.5","","37.5","","0.0","","0.0","","0.0","","0.0","","46","","","","",""
"-115.07","49.49","FERNIE","1152850","2011-01-03","2011","01","03","†","-9.0","","-14.0","","-11.5","","29.5","","0.0","","0.0","","3.0","","3.0","","45","","","","",""
"-115.07","49.49","FERNIE","1152850","2011-01-04","2011","01","04","†","-3.0","","-11.0","","-7.0","","25.0","","0.0","","0.0","","4.0","","4.0","","47","","","","",""
"-115.07","49.49","FERNIE","1152850","2011-01-05","2011","01","05","†","3.0","","-8.0","","-2.5","","20.5","","0.0","","0.0","","1.0","","1.0","","47","","","","",""
"-115.07","49.49","FERNIE","1152850","2011-01-06","2011","01","06","†","5.0","","-2.0","","1.5","","16.5","","0.0","","16.5","","0.0","","16.5","","48","","","","",""
"-115.07","49.49","FERNIE","1152850","2011-01-07","2011","01","07","†","3.5","","1.0","","2.3","","15.7","","0.0","","20.6","","0.0","","20.6","","45","","","","",""
"-115.07","49.49","FERNIE","1152850","2011-01-08","2011","01","08","†","-1.0","","-1.0","","-1.0","","19.0","","0.0","","0.0","","3.0","","3.0","","44","","","","",""
"-115.07","49.49","FERNIE","1152850","2011-01-09","2011","01","09","†","-10.0","","-12.0","","-11.0","","29.0","","0.0","","0.0","","0.0","","0.0","","47","","","","",""
"-115.07","49.49","FERNIE","1152850","2011-01-10","2011","01","10","†","-15.0","","-20.0","","-17.5","","35.5","","0.0","","0.0","","0.0","","0.0","","46","","","","",""
"-115.07","49.49","FERNIE","1152850","2011-01-11","2011","01","11","†","-8.0","","-26.0","","-17.0","","35.0","","0.0","","0.0","","3.5","","3.5","","0","","","","",""
"-115.07","49.49","FERNIE","1152850","2011-01-12","2011","01","12","†","-2.0","","-20.0","","-11.0","","29.0","","0.0","","0.0","","17.0","","17.0","","49","","","","",""
"-115.07","49.49","FERNIE","1152850","2011-01-13","2011","01","13","†","6.0","","-15.0","","-4.5","","22.5","","0.0","","18.0","","0.0","","18.0","","65","","","","",""
"-115.07","49.49","FERNIE","1152850","2011-01-14","2011","01","14","†","7.0","","2.0","","4.5","","13.5","","0.0","","40.0","","0.0","","40.0","","56","","","","",""
"-115.07","49.49","FERNIE","1152850","2011-01-15","2011","01","15","†","7.0","","2.0","","4.5","","13.5","","0.0","","20.5","","0.0","","20.5","","42","","","","",""
"-115.07","49.49","FERNIE","1152850","2011-01-16","2011","01","16","†","8.0","","0.0","","4.0","","14.0","","0.0","","38.0","","0.0","","38.0","","41","","","","",""
"-115.07","49.49","FERNIE","1152850","2011-01-17","2011","01","17","†","7.0","","2.0","","4.5","","13.5","","0.0","","5.0","","0.0","","5.0","","35","","","","",""
"-115.07","49.49","FERNIE","1152850","2011-01-18","2011","01","18","†","2.0","","-1.0","","0.5","","17.5","","0.0","","0.0","","0.0","","0.0","","29","","","","",""
"-115.07","49.49","FERNIE","1152850","2011-01-19","2011","01","19","†","-2.0","","-14.0","","-8.0","","26.0","","0.0","","0.0","","0.0","","0.0","","0","","","","",""
"-115.07","49.49","FERNIE","1152850","2011-01-20","2011","01","20","†","0.0","","-12.0","","-6.0","","24.0","","0.0","","0.0","","1.0","","1.0","","18","","","","",""
"-115.07","49.49","FERNIE","1152850","2011-01-21","2011","01","21","†","0.0","","-5.0","","-2.5","","20.5","","0.0","","0.0","","6.0","","6.0","","27","","","","",""
"-115.07","49.49","FERNIE","1152850","2011-01-22","2011","01","22","†","3.0","","-10.0","","-3.5","","21.5","","0.0","","0.0","","0.0","","0.0","","33","","","","",""
"-115.07","49.49","FERNIE","1152850","2011-01-23","2011","01","23","†","6.0","","-10.0","","-2.0","","20.0","","0.0","","0.0","","0.0","","0.0","","32","","","","",""
"-115.07","49.49","FERNIE","1152850","2011-01-24","2011","01","24","†","3.0","","-10.0","","-3.5","","21.5","","0.0","","0.0","","0.0","","0.0","","28","","","","",""
"-115.07","49.49","FERNIE","1152850","2011-01-25","2011","01","25","†","5.0","","-5.0","","0.0","","18.0","","0.0","","0.0","","0.0","","0.0","","28","","","","",""
"-115.07","49.49","FERNIE","1152850","2011-01-26","2011","01","26","†","5.0","","0.0","","2.5","","15.5","","0.0","","4.2","","0.0","","4.2","","28","","","","",""
"-115.07","49.49","FERNIE","1152850","2011-01-27","2011","01","27","†","8.5","","1.0","","4.8","","13.2","","0.0","","0.0","","0.0","","0.0","","0","","","","",""
"-115.07","49.49","FERNIE","1152850","2011-01-28","2011","01","28","†","6.5","","-2.0","","2.3","","15.7","","0.0","","0.0","","0.0","","0.0","","24","","","","",""
"-115.07","49.49","FERNIE","1152850","2011-01-29","2011","01","29","†","1.0","","-2.0","","-0.5","","18.5","","0.0","","2.0","","14.0","","16.0","","26","","","","",""
"-115.07","49.49","FERNIE","1152850","2011-01-30","2011","01","30","†","-10.0","","-13.0","","-11.5","","29.5","","0.0","","0.0","","0.0","","0.0","","36","","","","",""
"-115.07","49.49","FERNIE","1152850","2011-01-31","2011","01","31","†","-15.0","","-27.0","","-21.0","","39.0","","0.0","","0.0","","0.0","","0.0","","36","","","","",""
"-115.07","49.49","FERNIE","1152850","2011-02-01","2011","02","01","†","-12.0","","-30.0","","-21.0","","39.0","","0.0","","0.0","","0.0","","0.0","","35","","","","",""
"-115.07","49.49","FERNIE","1152850","2011-02-02","2011","02","02","†","-6.0","","-29.0","","-17.5","","35.5","","0.0","","0.0","","0.0","","0.0","","35","","","","",""
"-115.07","49.49","FERNIE","1152850","2011-02-03","2011","02","03","†","0.0","","-25.0","","-12.5","","30.5","","0.0","","0.0","","0.0","","0.0","","35","","","","",""
"-115.07","49.49","FERNIE","1152850","2011-02-04","2011","02","04","†","5.0","","-5.0","","0.0","","18.0","","0.0","","0.0","","0.0","","0.0","","35","","","","",""
"-115.07","49.49","FERNIE","1152850","2011-02-05","2011","02","05","†","6.0","","-7.0","","-0.5","","18.5","","0.0","","0.0","","0.0","","0.0","","34","","","","",""
"-115.07","49.49","FERNIE","1152850","2011-02-06","2011","02","06","†","0.0","","-7.0","","-3.5","","21.5","","0.0","","0.0","","8.0","","8.0","","34","","","","",""
"-115.07","49.49","FERNIE","1152850","2011-02-07","2011","02","07","†","-4.0","","-6.0","","-5.0","","23.0","","0.0","","0.0","","0.0","","0.0","","42","","","","",""
"-115.07","49.49","FERNIE","1152850","2011-02-08","2011","02","08","†","-3.0","","-12.0","","-7.5","","25.5","","0.0","","0.0","","0.0","","0.0","","40","","","","",""
"-115.07","49.49","FERNIE","1152850","2011-02-09","2011","02","09","","","","","","","","","","","","","","","","","","","","","","",""
"-115.07","49.49","FERNIE","1152850","2011-02-10","2011","02","10","","","","","","","","","","","","","","","","","","","","","","",""
"-115.07","49.49","FERNIE","1152850","2011-02-11","2011","02","11","†","5.0","","-5.0","","0.0","","18.0","","0.0","","5.0","","0.0","","5.0","","35","","","","",""
"-115.07","49.49","FERNIE","1152850","2011-02-12","2011","02","12","†","8.0","","0.0","","4.0","","14.0","","0.0","","2.0","","0.0","","2.0","","32","","","","",""
"-115.07","49.49","FERNIE","1152850","2011-02-13","2011","02","13","","","","","","","","","","","","","","","","","","","","","","",""
"-115.07","49.49","FERNIE","1152850","2011-02-14","2011","02","14","†","8.0","","-4.0","","2.0","","16.0","","0.0","","16.0","","0.0","","16.0","","32","","","","",""
"-115.07","49.49","FERNIE","1152850","2011-02-15","2011","02","15","†","5.0","","1.0","","3.0","","15.0","","0.0","","0.0","","10.0","","10.0","","25","","","","",""
"-115.07","49.49","FERNIE","1152850","2011-02-16","2011","02","16","†","4.0","","-2.0","","1.0","","17.0","","0.0","","0.0","","2.0","","2.0","","34","","","","",""
"-115.07","49.49","FERNIE","1152850","2011-02-17","2011","02","17","†","0.0","","-8.0","","-4.0","","22.0","","0.0","","0.0","","46.0","","46.0","","35","","","","",""
"-115.07","49.49","FERNIE","1152850","2011-02-18","2011","02","18","†","4.0","","-10.0","","-3.0","","21.0","","0.0","","0.0","","0.0","","0.0","","44","","","","",""
"-115.07","49.49","FERNIE","1152850","2011-02-19","2011","02","19","†","0.0","","-21.0","","-10.5","","28.5","","0.0","","0.0","","0.0","","0.0","","0","","","","",""
"-115.07","49.49","FERNIE","1152850","2011-02-20","2011","02","20","†","0.0","","-16.0","","-8.0","","26.0","","0.0","","0.0","","0.0","","0.0","","38","","","","",""
"-115.07","49.49","FERNIE","1152850","2011-02-21","2011","02","21","†","-1.0","","-14.0","","-7.5","","25.5","","0.0","","0.0","","3.0","","3.0","","37","","","","",""
"-115.07","49.49","FERNIE","1152850","2011-02-22","2011","02","22","†","-4.0","","-5.0","","-4.5","","22.5","","0.0","","0.0","","0.0","","0.0","","38","","","","",""
"-115.07","49.49","FERNIE","1152850","2011-02-23","2011","02","23","†","-12.0","","-12.0","","-12.0","","30.0","","0.0","","0.0","","0.0","","0.0","","37","","","","",""
"-115.07","49.49","FERNIE","1152850","2011-02-24","2011","02","24","†","-15.0","","-17.0","","-16.0","","34.0","","0.0","","0.0","","0.0","","0.0","","37","","","","",""
"-115.07","49.49","FERNIE","1152850","2011-02-25","2011","02","25","†","-12.0","","-32.0","","-22.0","","40.0","","0.0","","0.0","","0.0","","0.0","","37","","","","",""
"-115.07","49.49","FERNIE","1152850","2011-02-26","2011","02","26","†","-8.0","","-32.0","","-20.0","","38.0","","0.0","","0.0","","3.0","","3.0","","37","","","","",""
"-115.07","49.49","FERNIE","1152850","2011-02-27","2011","02","27","†","-4.0","","-17.0","","-10.5","","28.5","","0.0","","0.0","","15.0","","15.0","","39","","","","",""
"-115.07","49.49","FERNIE","1152850","2011-02-28","2011","02","28","†","1.0","","-12.0","","-5.5","","23.5","","0.0","","0.0","","16.0","","16.0","","54","","","","",""
"-115.07","49.49","FERNIE","1152850","2011-03-01","2011","03","01","†","-5.0","","-20.0","","-12.5","","30.5","","0.0","","0.0","","2.0","","2.0","","72","","","","",""
"-115.07","49.49","FERNIE","1152850","2011-03-02","2011","03","02","†","4.0","","-12.0","","-4.0","","22.0","","0.0","","0.0","","4.0","","4.0","","66","","","","",""
"-115.07","49.49","FERNIE","1152850","2011-03-03","2011","03","03","†","4.0","","-10.0","","-3.0","","21.0","","0.0","","0.0","","10.0","","10.0","","61","","","","",""
"-115.07","49.49","FERNIE","1152850","2011-03-04","2011","03","04","†","3.0","","-4.0","","-0.5","","18.5","","0.0","","0.0","","0.0","","0.0","","70","","","","",""
"-115.07","49.49","FERNIE","1152850","2011-03-05","2011","03","05","†","6.0","","-12.0","","-3.0","","21.0","","0.0","","0.0","","0.0","","0.0","","68","","","","",""
"-115.07","49.49","FERNIE","1152850","2011-03-06","2011","03","06","†","1.0","","-11.0","","-5.0","","23.0","","0.0","","0.0","","0.0","","0.0","","64","","","","",""
"-115.07","49.49","FERNIE","1152850","2011-03-07","2011","03","07","†","3.0","","-12.0","","-4.5","","22.5","","0.0","","0.0","","0.0","","0.0","","61","","","","",""
"-115.07","49.49","FERNIE","1152850","2011-03-08","2011","03","08","†","5.0","","-6.0","","-0.5","","18.5","","0.0","","0.0","","0.0","","0.0","","61","","","","",""
"-115.07","49.49","FERNIE","1152850","2011-03-09","2011","03","09","†","","","","","","","","","","","","","","","","","61","","","","",""
"-115.07","49.49","FERNIE","1152850","2011-03-10","2011","03","10","","","","","","","","","","","","","","","","","","","","","","",""
"-115.07","49.49","FERNIE","1152850","2011-03-11","2011","03","11","†","4.0","","0.0","","2.0","","16.0","","0.0","","0.0","","0.0","","0.0","","53","","","","",""
"-115.07","49.49","FERNIE","1152850","2011-03-12","2011","03","12","†","7.0","","-5.0","","1.0","","17.0","","0.0","","0.0","","0.0","","0.0","","53","","","","",""
"-115.07","49.49","FERNIE","1152850","2011-03-13","2011","03","13","†","8.0","","-4.0","","2.0","","16.0","","0.0","","6.8","","2.0","","8.8","","53","","","","",""
"-115.07","49.49","FERNIE","1152850","2011-03-14","2011","03","14","†","6.0","","2.0","","4.0","","14.0","","0.0","","0.0","","0.0","T","0.0","T","45","","","","",""
"-115.07","49.49","FERNIE","1152850","2011-03-15","2011","03","15","†","5.0","","1.0","","3.0","","15.0","","0.0","","0.0","T","0.0","T","0.0","T","45","","","","",""
"-115.07","49.49","FERNIE","1152850","2011-03-16","2011","03","16","†","5.0","","0.0","","2.5","","15.5","","0.0","","0.0","","0.0","","0.0","","44","","","","",""
"-115.07","49.49","FERNIE","1152850","2011-03-17","2011","03","17","†","5.0","","-1.0","","2.0","","16.0","","0.0","","0.0","","0.0","","0.0","","42","","","","",""
"-115.07","49.49","FERNIE","1152850","2011-03-18","2011","03","18","†","7.0","","-4.0","","1.5","","16.5","","0.0","","0.0","","0.0","","0.0","","42","","","","",""
"-115.07","49.49","FERNIE","1152850","2011-03-19","2011","03","19","†","7.0","","-4.0","","1.5","","16.5","","0.0","","0.0","","0.0","","0.0","","39","","","","",""
"-115.07","49.49","FERNIE","1152850","2011-03-20","2011","03","20","†","8.0","","-1.0","","3.5","","14.5","","0.0","","0.0","","0.0","T","0.0","T","39","","","","",""
"-115.07","49.49","FERNIE","1152850","2011-03-21","2011","03","21","†","3.0","","-4.0","","-0.5","","18.5","","0.0","","0.0","","0.0","","0.0","","39","","","","",""
"-115.07","49.49","FERNIE","1152850","2011-03-22","2011","03","22","†","5.0","","-2.0","","1.5","","16.5","","0.0","","0.0","","0.0","","0.0","","39","","","","",""
"-115.07","49.49","FERNIE","1152850","2011-03-23","2011","03","23","†","7.0","","-2.0","","2.5","","15.5","","0.0","","0.0","","0.0","","0.0","","38","","","","",""
"-115.07","49.49","FERNIE","1152850","2011-03-24","2011","03","24","†","8.0","","1.0","","4.5","","13.5","","0.0","","0.0","","0.0","","0.0","","35","","","","",""
"-115.07","49.49","FERNIE","1152850","2011-03-25","2011","03","25","†","9.0","","-3.0","","3.0","","15.0","","0.0","","0.0","","1.0","","1.0","","33","","","","",""
"-115.07","49.49","FERNIE","1152850","2011-03-26","2011","03","26","†","8.0","","-3.0","","2.5","","15.5","","0.0","","0.0","","0.0","","0.0","","40","","","","",""
"-115.07","49.49","FERNIE","1152850","2011-03-27","2011","03","27","†","4.0","","-4.0","","0.0","","18.0","","0.0","","0.0","","0.0","","0.0","","39","","","","",""
"-115.07","49.49","FERNIE","1152850","2011-03-28","2011","03","28","†","8.0","","-1.0","","3.5","","14.5","","0.0","","2.0","","2.0","","4.0","","29","","","","",""
"-115.07","49.49","FERNIE","1152850","2011-03-29","2011","03","29","†","5.0","","-2.0","","1.5","","16.5","","0.0","","9.0","","0.0","","9.0","","28","","","","",""
"-115.07","49.49","FERNIE","1152850","2011-03-30","2011","03","30","†","10.0","","1.0","","5.5","","12.5","","0.0","","12.8","","0.0","","12.8","","25","","","","",""
"-115.07","49.49","FERNIE","1152850","2011-03-31","2011","03","31","†","9.0","","2.0","","5.5","","12.5","","0.0","","16.0","","0.0","","16.0","","18","","","","",""
"-115.07","49.49","FERNIE","1152850","2011-04-01","2011","04","01","†","7.0","","0.0","","3.5","","14.5","","0.0","","33.0","","23.0","","56.0","","14","","","","",""
"-115.07","49.49","FERNIE","1152850","2011-04-02","2011","04","02","†","1.0","","0.0","","0.5","","17.5","","0.0","","0.0","","0.0","","0.0","","37","","","","",""
"-115.07","49.49","FERNIE","1152850","2011-04-03","2011","04","03","†","6.0","","-10.0","","-2.0","","20.0","","0.0","","0.0","","0.0","","0.0","","37","","","","",""
"-115.07","49.49","FERNIE","1152850","2011-04-04","2011","04","04","†","6.0","","0.0","","3.0","","15.0","","0.0","","2.0","","5.0","","7.0","","18","","","","",""
"-115.07","49.49","FERNIE","1152850","2011-04-05","2011","04","05","†","6.0","","0.0","","3.0","","15.0","","0.0","","3.0","","2.0","","5.0","","21","","","","",""
"-115.07","49.49","FERNIE","1152850","2011-04-06","2011","04","06","†","5.0","","0.0","","2.5","","15.5","","0.0","","0.0","","3.0","","3.0","","17","","","","",""
"-115.07","49.49","FERNIE","1152850","2011-04-07","2011","04","07","†","5.5","","-2.0","","1.8","","16.2","","0.0","","0.0","","0.0","","0.0","","0","","","","",""
"-115.07","49.49","FERNIE","1152850","2011-04-08","2011","04","08","†","9.0","","-5.0","","2.0","","16.0","","0.0","","0.0","","0.0","","0.0","","0","","","","",""
"-115.07","49.49","FERNIE","1152850","2011-04-09","2011","04","09","†","10.0","","-7.0","","1.5","","16.5","","0.0","","0.0","","0.0","","0.0","","0","","","","",""
"-115.07","49.49","FERNIE","1152850","2011-04-10","2011","04","10","†","9.0","","-8.0","","0.5","","17.5","","0.0","","14.0","","0.0","","14.0","","0","","","","",""
"-115.07","49.49","FERNIE","1152850","2011-04-11","2011","04","11","†","10.0","","-1.0","","4.5","","13.5","","0.0","","10.0","","0.0","","10.0","","0","","","","",""
"-115.07","49.49","FERNIE","1152850","2011-04-12","2011","04","12","†","9.0","","-4.0","","2.5","","15.5","","0.0","","0.0","","0.0","","0.0","","0","","","","",""
"-115.07","49.49","FERNIE","1152850","2011-04-13","2011","04","13","†","11.0","","-5.0","","3.0","","15.0","","0.0","","0.0","","2.0","","2.0","","0","","","","",""
"-115.07","49.49","FERNIE","1152850","2011-04-14","2011","04","14","†","5.0","","-4.0","","0.5","","17.5","","0.0","","0.0","","6.0","","6.0","","0","","","","",""
"-115.07","49.49","FERNIE","1152850","2011-04-15","2011","04","15","†","6.5","","-1.0","","2.8","","15.2","","0.0","","18.0","","0.0","","18.0","","0","","","","",""
"-115.07","49.49","FERNIE","1152850","2011-04-16","2011","04","16","","","","","","","","","","","","","","","","","","","","","","",""
"-115.07","49.49","FERNIE","1152850","2011-04-17","2011","04","17","","","","","","","","","","","","","","","","","","","","","","",""
"-115.07","49.49","FERNIE","1152850","2011-04-18","2011","04","18","†","5.0","","-9.0","","-2.0","","20.0","","0.0","","0.0","","0.0","","0.0","","0","","","","",""
"-115.07","49.49","FERNIE","1152850","2011-04-19","2011","04","19","†","5.0","","-6.0","","-0.5","","18.5","","0.0","","0.0","","0.0","","0.0","","0","","","","",""
"-115.07","49.49","FERNIE","1152850","2011-04-20","2011","04","20","†","8.0","","-6.0","","1.0","","17.0","","0.0","","0.0","","0.0","","0.0","","0","","","","",""
"-115.07","49.49","FERNIE","1152850","2011-04-21","2011","04","21","","","","","","","","","","","","","","","","","","","","","","",""
"-115.07","49.49","FERNIE","1152850","2011-04-22","2011","04","22","","","","","","","","","","","","","","","","","","","","","","",""
"-115.07","49.49","FERNIE","1152850","2011-04-23","2011","04","23","","","","","","","","","","","","","","","","","","","","","","",""
"-115.07","49.49","FERNIE","1152850","2011-04-24","2011","04","24","","","","","","","","","","","","","","","","","","","","","","",""
"-115.07","49.49","FERNIE","1152850","2011-04-25","2011","04","25","†","12.0","","-6.0","","3.0","","15.0","","0.0","","1.5","","0.0","","1.5","","0","","","","",""
"-115.07","49.49","FERNIE","1152850","2011-04-26","2011","04","26","†","9.0","","1.0","","5.0","","13.0","","0.0","","4.5","","0.0","","4.5","","0","","","","",""
"-115.07","49.49","FERNIE","1152850","2011-04-27","2011","04","27","†","8.0","","1.0","","4.5","","13.5","","0.0","","3.0","","0.0","","3.0","","0","","","","",""
"-115.07","49.49","FERNIE","1152850","2011-04-28","2011","04","28","†","6.0","","-2.0","","2.0","","16.0","","0.0","","12.0","","0.0","","12.0","","0","","","","",""
"-115.07","49.49","FERNIE","1152850","2011-04-29","2011","04","29","†","12.0","","-1.0","","5.5","","12.5","","0.0","","0.0","","0.0","","0.0","","0","","","","",""
"-115.07","49.49","FERNIE","1152850","2011-04-30","2011","04","30","†","11.0","","-3.0","","4.0","","14.0","","0.0","","0.0","","0.0","","0.0","","0","","","","",""
"-115.07","49.49","FERNIE","1152850","2011-05-01","2011","05","01","†","14.0","","-3.0","","5.5","","12.5","","0.0","","0.0","","0.0","","0.0","","0","","","","",""
"-115.07","49.49","FERNIE","1152850","2011-05-02","2011","05","02","†","17.0","","-3.0","","7.0","","11.0","","0.0","","10.0","","0.0","","10.0","","0","","","","",""
"-115.07","49.49","FERNIE","1152850","2011-05-03","2011","05","03","†","11.0","","1.0","","6.0","","12.0","","0.0","","5.0","","0.0","","5.0","","0","","","","",""
"-115.07","49.49","FERNIE","1152850","2011-05-04","2011","05","04","†","15.0","","-2.0","","6.5","","11.5","","0.0","","0.0","","0.0","","0.0","","0","","","","",""
"-115.07","49.49","FERNIE","1152850","2011-05-05","2011","05","05","†","15.0","","-1.0","","7.0","","11.0","","0.0","","4.0","","0.0","","4.0","","0","","","","",""
"-115.07","49.49","FERNIE","1152850","2011-05-06","2011","05","06","†","11.0","","0.0","","5.5","","12.5","","0.0","","0.0","","0.0","","0.0","","0","","","","",""
"-115.07","49.49","FERNIE","1152850","2011-05-07","2011","05","07","","","","","","","","","","","","","","","","","","","","","","",""
"-115.07","49.49","FERNIE","1152850","2011-05-08","2011","05","08","†","16.0","","2.0","","9.0","","9.0","","0.0","","0.0","","0.0","","0.0","","0","","","","",""
"-115.07","49.49","FERNIE","1152850","2011-05-09","2011","05","09","†","16.0","","3.0","","9.5","","8.5","","0.0","","0.0","","0.0","","0.0","","0","","","","",""
"-115.07","49.49","FERNIE","1152850","2011-05-10","2011","05","10","†","20.0","","-2.0","","9.0","","9.0","","0.0","","0.0","","0.0","","0.0","","0","","","","",""
"-115.07","49.49","FERNIE","1152850","2011-05-11","2011","05","11","†","23.0","","0.0","","11.5","","6.5","","0.0","","0.0","","0.0","","0.0","","0","","","","",""
"-115.07","49.49","FERNIE","1152850","2011-05-12","2011","05","12","†","19.0","","2.0","","10.5","","7.5","","0.0","","1.5","","0.0","","1.5","","0","","","","",""
"-115.07","49.49","FERNIE","1152850","2011-05-13","2011","05","13","†","20.0","","0.0","","10.0","","8.0","","0.0","","0.0","","0.0","","0.0","","0","","","","",""
"-115.07","49.49","FERNIE","1152850","2011-05-14","2011","05","14","†","19.0","","4.0","","11.5","","6.5","","0.0","","0.0","","0.0","","0.0","","0","","","","",""
"-115.07","49.49","FERNIE","1152850","2011-05-15","2011","05","15","†","17.0","","5.0","","11.0","","7.0","","0.0","","0.0","","0.0","","0.0","","0","","","","",""
"-115.07","49.49","FERNIE","1152850","2011-05-16","2011","05","16","†","11.0","","5.0","","8.0","","10.0","","0.0","","11.5","","0.0","","11.5","","0","","","","",""
"-115.07","49.49","FERNIE","1152850","2011-05-17","2011","05","17","†","10.0","","0.0","","5.0","","13.0","","0.0","","10.0","","0.0","","10.0","","0","","","","",""
"-115.07","49.49","FERNIE","1152850","2011-05-18","2011","05","18","†","20.0","","-2.0","","9.0","","9.0","","0.0","","0.0","","0.0","","0.0","","0","","","","",""
"-115.07","49.49","FERNIE","1152850","2011-05-19","2011","05","19","†","17.0","","3.0","","10.0","","8.0","","0.0","","0.0","","0.0","","0.0","","0","","","","",""
"-115.07","49.49","FERNIE","1152850","2011-05-20","2011","05","20","","","","","","","","","","","","","","","","","","","","","","",""
"-115.07","49.49","FERNIE","1152850","2011-05-21","2011","05","21","","","","","","","","","","","","","","","","","","","","","","",""
"-115.07","49.49","FERNIE","1152850","2011-05-22","2011","05","22","†","20.0","","4.0","","12.0","","6.0","","0.0","","0.0","","0.0","","0.0","","0","","","","",""
"-115.07","49.49","FERNIE","1152850","2011-05-23","2011","05","23","†","21.0","","4.0","","12.5","","5.5","","0.0","","1.0","","0.0","","1.0","","0","","","","",""
"-115.07","49.49","FERNIE","1152850","2011-05-24","2011","05","24","†","13.0","","7.0","","10.0","","8.0","","0.0","","5.5","","0.0","","5.5","","0","","","","",""
"-115.07","49.49","FERNIE","1152850","2011-05-25","2011","05","25","†","15.0","","5.0","","10.0","","8.0","","0.0","","2.4","","0.0","","2.4","","0","","","","",""
"-115.07","49.49","FERNIE","1152850","2011-05-26","2011","05","26","†","9.0","","4.0","","6.5","","11.5","","0.0","","33.2","","0.0","","33.2","","0","","","","",""
"-115.07","49.49","FERNIE","1152850","2011-05-27","2011","05","27","†","7.0","","1.0","","4.0","","14.0","","0.0","","15.4","","0.0","","15.4","","0","","","","",""
"-115.07","49.49","FERNIE","1152850","2011-05-28","2011","05","28","","","","","","","","","","","","","","","","","","","","","","",""
"-115.07","49.49","FERNIE","1152850","2011-05-29","2011","05","29","","","","","","","","","","","","","","","","","","","","","","",""
"-115.07","49.49","FERNIE","1152850","2011-05-30","2011","05","30","†","18.0","","-1.0","","8.5","","9.5","","0.0","","0.0","","0.0","","0.0","","0","","","","",""
"-115.07","49.49","FERNIE","1152850","2011-05-31","2011","05","31","†","20.0","","0.0","","10.0","","8.0","","0.0","","0.0","","0.0","","0.0","","0","","","","",""
"-115.07","49.49","FERNIE","1152850","2011-06-01","2011","06","01","†","19.0","","3.0","","11.0","","7.0","","0.0","","3.5","","0.0","","3.5","","0","","","","",""
"-115.07","49.49","FERNIE","1152850","2011-06-02","2011","06","02","†","16.0","","3.0","","9.5","","8.5","","0.0","","3.0","","0.0","","3.0","","0","","","","",""
"-115.07","49.49","FERNIE","1152850","2011-06-03","2011","06","03","†","17.0","","5.0","","11.0","","7.0","","0.0","","0.0","","0.0","","0.0","","0","","","","",""
"-115.07","49.49","FERNIE","1152850","2011-06-04","2011","06","04","†","21.0","","3.0","","12.0","","6.0","","0.0","","0.0","","0.0","","0.0","","0","","","","",""
"-115.07","49.49","FERNIE","1152850","2011-06-05","2011","06","05","†","25.0","","2.0","","13.5","","4.5","","0.0","","0.0","","0.0","","0.0","","0","","","","",""
"-115.07","49.49","FERNIE","1152850","2011-06-06","2011","06","06","†","21.0","","10.0","","15.5","","2.5","","0.0","","0.0","","0.0","","0.0","","0","","","","",""
"-115.07","49.49","FERNIE","1152850","2011-06-07","2011","06","07","†","20.0","","6.0","","13.0","","5.0","","0.0","","1.0","","0.0","","1.0","","0","","","","",""
"-115.07","49.49","FERNIE","1152850","2011-06-08","2011","06","08","†","12.0","","6.0","","9.0","","9.0","","0.0","","2.0","","0.0","","2.0","","0","","","","",""
"-115.07","49.49","FERNIE","1152850","2011-06-09","2011","06","09","†","19.0","","6.0","","12.5","","5.5","","0.0","","0.0","","0.0","","0.0","","0","","","","",""
"-115.07","49.49","FERNIE","1152850","2011-06-10","2011","06","10","†","20.0","","6.0","","13.0","","5.0","","0.0","","0.5","","0.0","","0.5","","0","","","","",""
"-115.07","49.49","FERNIE","1152850","2011-06-11","2011","06","11","†","18.0","","6.0","","12.0","","6.0","","0.0","","0.3","","0.0","","0.3","","0","","","","",""
"-115.07","49.49","FERNIE","1152850","2011-06-12","2011","06","12","†","20.0","","6.0","","13.0","","5.0","","0.0","","0.0","","0.0","","0.0","","0","","","","",""
"-115.07","49.49","FERNIE","1152850","2011-06-13","2011","06","13","†","15.0","","4.0","","9.5","","8.5","","0.0","","4.0","","0.0","","4.0","","0","","","","",""
"-115.07","49.49","FERNIE","1152850","2011-06-14","2011","06","14","†","17.0","","9.0","","13.0","","5.0","","0.0","","1.0","","0.0","","1.0","","0","","","","",""
"-115.07","49.49","FERNIE","1152850","2011-06-15","2011","06","15","†","12.0","","6.0","","9.0","","9.0","","0.0","","1.0","","0.0","","1.0","","0","","","","",""
"-115.07","49.49","FERNIE","1152850","2011-06-16","2011","06","16","†","10.0","","7.0","","8.5","","9.5","","0.0","","7.0","","0.0","","7.0","","0","","","","",""
"-115.07","49.49","FERNIE","1152850","2011-06-17","2011","06","17","†","14.0","","7.0","","10.5","","7.5","","0.0","","2.0","","0.0","","2.0","","0","","","","",""
"-115.07","49.49","FERNIE","1152850","2011-06-18","2011","06","18","†","18.0","","7.0","","12.5","","5.5","","0.0","","5.0","","0.0","","5.0","","0","","","","",""
"-115.07","49.49","FERNIE","1152850","2011-06-19","2011","06","19","†","16.0","","9.0","","12.5","","5.5","","0.0","","3.0","","0.0","","3.0","","0","","","","",""
"-115.07","49.49","FERNIE","1152850","2011-06-20","2011","06","20","†","20.0","","10.0","","15.0","","3.0","","0.0","","1.5","","0.0","","1.5","","0","","","","",""
"-115.07","49.49","FERNIE","1152850","2011-06-21","2011","06","21","†","23.0","","7.0","","15.0","","3.0","","0.0","","0.0","","0.0","","0.0","","0","","","","",""
"-115.07","49.49","FERNIE","1152850","2011-06-22","2011","06","22","†","20.0","","5.0","","12.5","","5.5","","0.0","","0.0","","0.0","","0.0","","0","","","","",""
"-115.07","49.49","FERNIE","1152850","2011-06-23","2011","06","23","†","19.0","","6.0","","12.5","","5.5","","0.0","","3.8","","0.0","","3.8","","0","","","","",""
"-115.07","49.49","FERNIE","1152850","2011-06-24","2011","06","24","","","","","","","","","","","","","","","","","","","","","","",""
"-115.07","49.49","FERNIE","1152850","2011-06-25","2011","06","25","","","","","","","","","","","","","","","","","","","","","","",""
"-115.07","49.49","FERNIE","1152850","2011-06-26","2011","06","26","†","21.0","","2.0","","11.5","","6.5","","0.0","","0.0","","0.0","","0.0","","0","","","","",""
"-115.07","49.49","FERNIE","1152850","2011-06-27","2011","06","27","†","25.0","","3.0","","14.0","","4.0","","0.0","","0.0","","0.0","","0.0","","0","","","","",""
"-115.07","49.49","FERNIE","1152850","2011-06-28","2011","06","28","†","28.0","","6.0","","17.0","","1.0","","0.0","","0.0","","0.0","","0.0","","0","","","","",""
"-115.07","49.49","FERNIE","1152850","2011-06-29","2011","06","29","†","23.0","","10.0","","16.5","","1.5","","0.0","","10.5","","0.0","","10.5","","0","","","","",""
"-115.07","49.49","FERNIE","1152850","2011-06-30","2011","06","30","","","","","","","","","","","","","","","","","","","","","","",""
"-115.07","49.49","FERNIE","1152850","2011-07-01","2011","07","01","","","","","","","","","","","","","","","","","","","","","","",""
"-115.07","49.49","FERNIE","1152850","2011-07-02","2011","07","02","","","","","","","","","","","","","","","","","","","","","","",""
"-115.07","49.49","FERNIE","1152850","2011-07-03","2011","07","03","†","24.0","","3.0","","13.5","","4.5","","0.0","","0.0","","0.0","","0.0","","0","","","","",""
"-115.07","49.49","FERNIE","1152850","2011-07-04","2011","07","04","†","25.0","","5.0","","15.0","","3.0","","0.0","","0.0","","0.0","","0.0","","0","","","","",""
"-115.07","49.49","FERNIE","1152850","2011-07-05","2011","07","05","†","27.0","","4.0","","15.5","","2.5","","0.0","","0.0","","0.0","","0.0","","0","","","","",""
"-115.07","49.49","FERNIE","1152850","2011-07-06","2011","07","06","†","30.0","","5.0","","17.5","","0.5","","0.0","","0.0","","0.0","","0.0","","0","","","","",""
"-115.07","49.49","FERNIE","1152850","2011-07-07","2011","07","07","†","32.0","","7.0","","19.5","","0.0","","1.5","","9.5","","0.0","","9.5","","0","","","","",""
"-115.07","49.49","FERNIE","1152850","2011-07-08","2011","07","08","†","18.0","","9.0","","13.5","","4.5","","0.0","","0.0","","0.0","","0.0","","0","","","","",""
"-115.07","49.49","FERNIE","1152850","2011-07-09","2011","07","09","†","22.0","","8.0","","15.0","","3.0","","0.0","","0.0","","0.0","","0.0","","0","","","","",""
"-115.07","49.49","FERNIE","1152850","2011-07-10","2011","07","10","†","24.0","","3.0","","13.5","","4.5","","0.0","","0.0","","0.0","","0.0","","0","","","","",""
"-115.07","49.49","FERNIE","1152850","2011-07-11","2011","07","11","†","27.0","","6.0","","16.5","","1.5","","0.0","","2.4","","0.0","","2.4","","0","","","","",""
"-115.07","49.49","FERNIE","1152850","2011-07-12","2011","07","12","†","28.0","","8.0","","18.0","","0.0","","0.0","","4.2","","0.0","","4.2","","0","","","","",""
"-115.07","49.49","FERNIE","1152850","2011-07-13","2011","07","13","†","23.0","","14.0","","18.5","","0.0","","0.5","","3.4","","0.0","","3.4","","0","","","","",""
"-115.07","49.49","FERNIE","1152850","2011-07-14","2011","07","14","†","21.0","","9.0","","15.0","","3.0","","0.0","","5.0","","0.0","","5.0","","0","","","","",""
"-115.07","49.49","FERNIE","1152850","2011-07-15","2011","07","15","†","20.0","","8.0","","14.0","","4.0","","0.0","","0.0","","0.0","","0.0","","0","","","","",""
"-115.07","49.49","FERNIE","1152850","2011-07-16","2011","07","16","†","26.0","","4.0","","15.0","","3.0","","0.0","","2.0","","0.0","","2.0","","0","","","","",""
"-115.07","49.49","FERNIE","1152850","2011-07-17","2011","07","17","†","30.0","","9.0","","19.5","","0.0","","1.5","","0.0","","0.0","","0.0","","0","","","","",""
"-115.07","49.49","FERNIE","1152850","2011-07-18","2011","07","18","†","31.0","","10.0","","20.5","","0.0","","2.5","","0.0","","0.0","","0.0","","0","","","","",""
"-115.07","49.49","FERNIE","1152850","2011-07-19","2011","07","19","†","27.0","","10.0","","18.5","","0.0","","0.5","","8.4","","0.0","","8.4","","0","","","","",""
"-115.07","49.49","FERNIE","1152850","2011-07-20","2011","07","20","†","18.0","","13.0","","15.5","","2.5","","0.0","","8.0","","0.0","","8.0","","0","","","","",""
"-115.07","49.49","FERNIE","1152850","2011-07-21","2011","07","21","†","16.0","","8.0","","12.0","","6.0","","0.0","","8.6","","0.0","","8.6","","0","","","","",""
"-115.07","49.49","FERNIE","1152850","2011-07-22","2011","07","22","","","","","","","","","","","","","","","","","","","","","","",""
"-115.07","49.49","FERNIE","1152850","2011-07-23","2011","07","23","","","","","","","","","","","","","","","","","","","","","","",""
"-115.07","49.49","FERNIE","1152850","2011-07-24","2011","07","24","","","","","","","","","","","","","","","","","","","","","","",""
"-115.07","49.49","FERNIE","1152850","2011-07-25","2011","07","25","†","25.0","","4.0","","14.5","","3.5","","0.0","","13.4","","0.0","","13.4","","0","","","","",""
"-115.07","49.49","FERNIE","1152850","2011-07-26","2011","07","26","†","20.0","","9.0","","14.5","","3.5","","0.0","","2.0","","0.0","","2.0","","0","","","","",""
"-115.07","49.49","FERNIE","1152850","2011-07-27","2011","07","27","†","20.5","","10.0","","15.3","","2.7","","0.0","","0.0","","0.0","","0.0","","0","","","","",""
"-115.07","49.49","FERNIE","1152850","2011-07-28","2011","07","28","†","23.5","","7.0","","15.3","","2.7","","0.0","","0.0","","0.0","","0.0","","0","","","","",""
"-115.07","49.49","FERNIE","1152850","2011-07-29","2011","07","29","†","24.5","","8.0","","16.3","","1.7","","0.0","","0.0","","0.0","","0.0","","0","","","","",""
"-115.07","49.49","FERNIE","1152850","2011-07-30","2011","07","30","†","27.0","","9.0","","18.0","","0.0","","0.0","","0.0","","0.0","","0.0","","0","","","","",""
"-115.07","49.49","FERNIE","1152850","2011-07-31","2011","07","31","","","","","","","","","","","","","","","","","","","","","","",""
"-115.07","49.49","FERNIE","1152850","2011-08-01","2011","08","01","","","","","","","","","","","","","","","","","","","","","","",""
"-115.07","49.49","FERNIE","1152850","2011-08-02","2011","08","02","","","","","","","","","","","","","","","","","","","","","","",""
"-115.07","49.49","FERNIE","1152850","2011-08-03","2011","08","03","†","27.0","","7.0","","17.0","","1.0","","0.0","","0.0","","0.0","","0.0","","0","","","","",""
"-115.07","49.49","FERNIE","1152850","2011-08-04","2011","08","04","†","28.0","","7.0","","17.5","","0.5","","0.0","","0.0","","0.0","","0.0","","0","","","","",""
"-115.07","49.49","FERNIE","1152850","2011-08-05","2011","08","05","†","30.0","","7.0","","18.5","","0.0","","0.5","","4.0","","0.0","","4.0","","0","","","","",""
"-115.07","49.49","FERNIE","1152850","2011-08-06","2011","08","06","†","28.0","","9.0","","18.5","","0.0","","0.5","","0.0","","0.0","","0.0","","0","","","","",""
"-115.07","49.49","FERNIE","1152850","2011-08-07","2011","08","07","†","29.0","","8.0","","18.5","","0.0","","0.5","","0.0","","0.0","","0.0","","0","","","","",""
"-115.07","49.49","FERNIE","1152850","2011-08-08","2011","08","08","†","27.0","","9.0","","18.0","","0.0","","0.0","","0.0","","0.0","","0.0","","0","","","","",""
"-115.07","49.49","FERNIE","1152850","2011-08-09","2011","08","09","†","29.0","","8.0","","18.5","","0.0","","0.5","","0.0","","0.0","","0.0","","0","","","","",""
"-115.07","49.49","FERNIE","1152850","2011-08-10","2011","08","10","†","27.0","","6.0","","16.5","","1.5","","0.0","","0.0","","0.0","","0.0","","0","","","","",""
"-115.07","49.49","FERNIE","1152850","2011-08-11","2011","08","11","†","25.0","","5.0","","15.0","","3.0","","0.0","","0.0","","0.0","","0.0","","0","","","","",""
"-115.07","49.49","FERNIE","1152850","2011-08-12","2011","08","12","†","27.0","","7.0","","17.0","","1.0","","0.0","","0.0","","0.0","","0.0","","0","","","","",""
"-115.07","49.49","FERNIE","1152850","2011-08-13","2011","08","13","†","29.0","","6.0","","17.5","","0.5","","0.0","","0.0","","0.0","","0.0","","0","","","","",""
"-115.07","49.49","FERNIE","1152850","2011-08-14","2011","08","14","†","28.0","","6.0","","17.0","","1.0","","0.0","","0.0","","0.0","","0.0","","0","","","","",""
"-115.07","49.49","FERNIE","1152850","2011-08-15","2011","08","15","†","20.0","","5.0","","12.5","","5.5","","0.0","","5.0","","0.0","","5.0","","0","","","","",""
"-115.07","49.49","FERNIE","1152850","2011-08-16","2011","08","16","†","23.0","","5.0","","14.0","","4.0","","0.0","","0.0","","0.0","","0.0","","0","","","","",""
"-115.07","49.49","FERNIE","1152850","2011-08-17","2011","08","17","†","26.0","","4.0","","15.0","","3.0","","0.0","","0.0","","0.0","","0.0","","0","","","","",""
"-115.07","49.49","FERNIE","1152850","2011-08-18","2011","08","18","†","24.0","","5.0","","14.5","","3.5","","0.0","","0.0","","0.0","","0.0","","0","","","","",""
"-115.07","49.49","FERNIE","1152850","2011-08-19","2011","08","19","†","30.0","","2.0","","16.0","","2.0","","0.0","","0.0","","0.0","","0.0","","0","","","","",""
"-115.07","49.49","FERNIE","1152850","2011-08-20","2011","08","20","†","32.0","","3.0","","17.5","","0.5","","0.0","","0.0","","0.0","","0.0","","0","","","","",""
"-115.07","49.49","FERNIE","1152850","2011-08-21","2011","08","21","†","31.0","","2.0","","16.5","","1.5","","0.0","","0.0","","0.0","","0.0","","0","","","","",""
"-115.07","49.49","FERNIE","1152850","2011-08-22","2011","08","22","†","33.0","","9.0","","21.0","","0.0","","3.0","","0.0","","0.0","","0.0","","0","","","","",""
"-115.07","49.49","FERNIE","1152850","2011-08-23","2011","08","23","†","27.0","","15.0","","21.0","","0.0","","3.0","","0.0","","0.0","","0.0","","0","","","","",""
"-115.07","49.49","FERNIE","1152850","2011-08-24","2011","08","24","","","","","","","","","","","","","","","","","","","","","","",""
"-115.07","49.49","FERNIE","1152850","2011-08-25","2011","08","25","","","","","","","","","","","","","","","","","","","","","","",""
"-115.07","49.49","FERNIE","1152850","2011-08-26","2011","08","26","†","31.0","","7.0","","19.0","","0.0","","1.0","","0.0","","0.0","","0.0","","0","","","","",""
"-115.07","49.49","FERNIE","1152850","2011-08-27","2011","08","27","†","32.0","","6.0","","19.0","","0.0","","1.0","","0.0","","0.0","","0.0","","0","","","","",""
"-115.07","49.49","FERNIE","1152850","2011-08-28","2011","08","28","†","32.0","","6.0","","19.0","","0.0","","1.0","","0.0","","0.0","","0.0","","0","","","","",""
"-115.07","49.49","FERNIE","1152850","2011-08-29","2011","08","29","†","30.0","","7.0","","18.5","","0.0","","0.5","","0.0","","0.0","","0.0","","0","","","","",""
"-115.07","49.49","FERNIE","1152850","2011-08-30","2011","08","30","†","27.0","","8.0","","17.5","","0.5","","0.0","","0.0","","0.0","","0.0","","0","","","","",""
"-115.07","49.49","FERNIE","1152850","2011-08-31","2011","08","31","†","13.0","","8.0","","10.5","","7.5","","0.0","","15.0","","0.0","","15.0","","0","","","","",""
"-115.07","49.49","FERNIE","1152850","2011-09-01","2011","09","01","†","16.0","","6.0","","11.0","","7.0","","0.0","","0.0","","0.0","","0.0","","0","","","","",""
"-115.07","49.49","FERNIE","1152850","2011-09-02","2011","09","02","†","18.5","","6.0","","12.3","","5.7","","0.0","","0.0","","0.0","","0.0","","0","","","","",""
"-115.07","49.49","FERNIE","1152850","2011-09-03","2011","09","03","†","20.5","","-1.0","","9.8","","8.2","","0.0","","0.0","","0.0","","0.0","","0","","","","",""
"-115.07","49.49","FERNIE","1152850","2011-09-04","2011","09","04","","","","","","","","","","","","","","","","","","","","","","",""
"-115.07","49.49","FERNIE","1152850","2011-09-05","2011","09","05","","","","","","","","","","","","","","","","","","","","","","",""
"-115.07","49.49","FERNIE","1152850","2011-09-06","2011","09","06","†","30.0","","4.0","","17.0","","1.0","","0.0","","0.0","","0.0","","0.0","","0","","","","",""
"-115.07","49.49","FERNIE","1152850","2011-09-07","2011","09","07","†","29.0","","2.0","","15.5","","2.5","","0.0","","0.0","","0.0","","0.0","","0","","","","",""
"-115.07","49.49","FERNIE","1152850","2011-09-08","2011","09","08","†","29.0","","3.0","","16.0","","2.0","","0.0","","0.0","","0.0","","0.0","","0","","","","",""
"-115.07","49.49","FERNIE","1152850","2011-09-09","2011","09","09","†","29.0","","3.0","","16.0","","2.0","","0.0","","0.0","","0.0","","0.0","","0","","","","",""
"-115.07","49.49","FERNIE","1152850","2011-09-10","2011","09","10","†","30.0","","2.0","","16.0","","2.0","","0.0","","0.0","","0.0","","0.0","","0","","","","",""
"-115.07","49.49","FERNIE","1152850","2011-09-11","2011","09","11","†","31.0","","3.0","","17.0","","1.0","","0.0","","0.0","","0.0","","0.0","","0","","","","",""
"-115.07","49.49","FERNIE","1152850","2011-09-12","2011","09","12","†","30.0","","7.0","","18.5","","0.0","","0.5","","0.0","","0.0","","0.0","","0","","","","",""
"-115.07","49.49","FERNIE","1152850","2011-09-13","2011","09","13","†","19.5","","7.0","","13.3","","4.7","","0.0","","0.0","","0.0","","0.0","","0","","","","",""
"-115.07","49.49","FERNIE","1152850","2011-09-14","2011","09","14","†","24.0","","6.0","","15.0","","3.0","","0.0","","0.0","","0.0","","0.0","","0","","","","",""
"-115.07","49.49","FERNIE","1152850","2011-09-15","2011","09","15","†","17.0","","2.0","","9.5","","8.5","","0.0","","1.0","","0.0","","1.0","","0","","","","",""
"-115.07","49.49","FERNIE","1152850","2011-09-16","2011","09","16","†","20.0","","12.0","","16.0","","2.0","","0.0","","0.0","","0.0","","0.0","","0","","","","",""
"-115.07","49.49","FERNIE","1152850","2011-09-17","2011","09","17","†","","","","","","","","","","","","","","","","","0","","","","",""
"-115.07","49.49","FERNIE","1152850","2011-09-18","2011","09","18","","","","","","","","","","","","","","","","","","","","","","",""
"-115.07","49.49","FERNIE","1152850","2011-09-19","2011","09","19","†","17.0","","4.0","","10.5","","7.5","","0.0","","3.0","","0.0","","3.0","","0","","","","",""
"-115.07","49.49","FERNIE","1152850","2011-09-20","2011","09","20","†","18.0","","0.0","","9.0","","9.0","","0.0","","0.0","","0.0","","0.0","","0","","","","",""
"-115.07","49.49","FERNIE","1152850","2011-09-21","2011","09","21","†","22.0","","-1.0","","10.5","","7.5","","0.0","","0.0","","0.0","","0.0","","0","","","","",""
"-115.07","49.49","FERNIE","1152850","2011-09-22","2011","09","22","†","24.0","","3.0","","13.5","","4.5","","0.0","","0.0","","0.0","","0.0","","0","","","","",""
"-115.07","49.49","FERNIE","1152850","2011-09-23","2011","09","23","†","28.0","","7.0","","17.5","","0.5","","0.0","","0.0","","0.0","","0.0","","0","","","","",""
"-115.07","49.49","FERNIE","1152850","2011-09-24","2011","09","24","","","","","","","","","","","","","","","","","","","","","","",""
"-115.07","49.49","FERNIE","1152850","2011-09-25","2011","09","25","","","","","","","","","","","","","","","","","","","","","","",""
"-115.07","49.49","FERNIE","1152850","2011-09-26","2011","09","26","†","18.0","","4.0","","11.0","","7.0","","0.0","","34.0","","0.0","","34.0","","0","","","","",""
"-115.07","49.49","FERNIE","1152850","2011-09-27","2011","09","27","†","15.0","","10.0","","12.5","","5.5","","0.0","","9.5","","0.0","","9.5","","0","","","","",""
"-115.07","49.49","FERNIE","1152850","2011-09-28","2011","09","28","†","17.0","","7.0","","12.0","","6.0","","0.0","","0.0","","0.0","","0.0","","0","","","","",""
"-115.07","49.49","FERNIE","1152850","2011-09-29","2011","09","29","†","19.0","","-2.0","","8.5","","9.5","","0.0","","0.0","","0.0","","0.0","","0","","","","",""
"-115.07","49.49","FERNIE","1152850","2011-09-30","2011","09","30","†","25.0","","-2.0","","11.5","","6.5","","0.0","","4.2","","0.0","","4.2","","0","","","","",""
"-115.07","49.49","FERNIE","1152850","2011-10-01","2011","10","01","†","17.0","","5.0","","11.0","","7.0","","0.0","","2.8","","0.0","","2.8","","0","","","","",""
"-115.07","49.49","FERNIE","1152850","2011-10-02","2011","10","02","†","19.0","","5.0","","12.0","","6.0","","0.0","","1.8","","0.0","","1.8","","0","","","","",""
"-115.07","49.49","FERNIE","1152850","2011-10-03","2011","10","03","†","19.0","","4.0","","11.5","","6.5","","0.0","","0.0","","0.0","","0.0","","0","","","","",""
"-115.07","49.49","FERNIE","1152850","2011-10-04","2011","10","04","†","14.0","","-2.0","","6.0","","12.0","","0.0","","2.5","","0.0","","2.5","","0","","","","",""
"-115.07","49.49","FERNIE","1152850","2011-10-05","2011","10","05","†","12.0","","2.0","","7.0","","11.0","","0.0","","17.0","","0.0","","17.0","","0","","","","",""
"-115.07","49.49","FERNIE","1152850","2011-10-06","2011","10","06","†","9.0","","4.0","","6.5","","11.5","","0.0","","8.8","","0.0","","8.8","","0","","","","",""
"-115.07","49.49","FERNIE","1152850","2011-10-07","2011","10","07","†","10.0","","5.0","","7.5","","10.5","","0.0","","9.0","","0.0","","9.0","","0","","","","",""
"-115.07","49.49","FERNIE","1152850","2011-10-08","2011","10","08","†","13.0","","5.0","","9.0","","9.0","","0.0","","0.0","","0.0","","0.0","","0","","","","",""
"-115.07","49.49","FERNIE","1152850","2011-10-09","2011","10","09","†","0.0","","0.0","","0.0","","18.0","","0.0","","0.0","","0.0","","0.0","","0","","","","",""
"-115.07","49.49","FERNIE","1152850","2011-10-10","2011","10","10","†","12.0","","0.0","","6.0","","12.0","","0.0","","21.0","","0.0","","21.0","","0","","","","",""
"-115.07","49.49","FERNIE","1152850","2011-10-11","2011","10","11","†","9.0","","7.0","","8.0","","10.0","","0.0","","34.8","","0.0","","34.8","","0","","","","",""
"-115.07","49.49","FERNIE","1152850","2011-10-12","2011","10","12","†","12.5","","5.0","","8.8","","9.2","","0.0","","4.0","","0.0","","4.0","","0","","","","",""
"-115.07","49.49","FERNIE","1152850","2011-10-13","2011","10","13","†","12.0","","-1.0","","5.5","","12.5","","0.0","","0.0","","0.0","","0.0","","0","","","","",""
"-115.07","49.49","FERNIE","1152850","2011-10-14","2011","10","14","","","","","","","","","","","","","","","","","","","","","","",""
"-115.07","49.49","FERNIE","1152850","2011-10-15","2011","10","15","","","","","","","","","","","","","","","","","","","","","","",""
"-115.07","49.49","FERNIE","1152850","2011-10-16","2011","10","16","","","","","","","","","","","","","","","","","","","","","","",""
"-115.07","49.49","FERNIE","1152850","2011-10-17","2011","10","17","†","12.0","","-4.0","","4.0","","14.0","","0.0","","0.0","","0.0","","0.0","","0","","","","",""
"-115.07","49.49","FERNIE","1152850","2011-10-18","2011","10","18","†","13.0","","-4.0","","4.5","","13.5","","0.0","","0.0","","0.0","","0.0","","0","","","","",""
"-115.07","49.49","FERNIE","1152850","2011-10-19","2011","10","19","†","14.5","","-4.0","","5.3","","12.7","","0.0","","0.0","","0.0","","0.0","","0","","","","",""
"-115.07","49.49","FERNIE","1152850","2011-10-20","2011","10","20","†","10.0","","7.0","","8.5","","9.5","","0.0","","6.4","","0.0","","6.4","","0","","","","",""
"-115.07","49.49","FERNIE","1152850","2011-10-21","2011","10","21","","","","","","","","","","","","","","","","","","","","","","",""
"-115.07","49.49","FERNIE","1152850","2011-10-22","2011","10","22","","","","","","","","","","","","","","","","","","","","","","",""
"-115.07","49.49","FERNIE","1152850","2011-10-23","2011","10","23","†","12.0","","1.0","","6.5","","11.5","","0.0","","0.0","","0.0","","0.0","","0","","","","",""
"-115.07","49.49","FERNIE","1152850","2011-10-24","2011","10","24","†","7.0","","-5.0","","1.0","","17.0","","0.0","","0.0","","0.0","","0.0","","0","","","","",""
"-115.07","49.49","FERNIE","1152850","2011-10-25","2011","10","25","†","7.0","","-3.0","","2.0","","16.0","","0.0","","0.0","","0.0","","0.0","","0","","","","",""
"-115.07","49.49","FERNIE","1152850","2011-10-26","2011","10","26","†","6.0","","-6.0","","0.0","","18.0","","0.0","","0.0","","0.0","","0.0","","0","","","","",""
"-115.07","49.49","FERNIE","1152850","2011-10-27","2011","10","27","†","9.0","","0.0","","4.5","","13.5","","0.0","","0.0","","0.0","","0.0","","0","","","","",""
"-115.07","49.49","FERNIE","1152850","2011-10-28","2011","10","28","","","","","","","","","","","","","","","","","","","","","","",""
"-115.07","49.49","FERNIE","1152850","2011-10-29","2011","10","29","","","","","","","","","","","","","","","","","","","","","","",""
"-115.07","49.49","FERNIE","1152850","2011-10-30","2011","10","30","†","7.0","","-6.0","","0.5","","17.5","","0.0","","12.0","","0.0","","12.0","","0","","","","",""
"-115.07","49.49","FERNIE","1152850","2011-10-31","2011","10","31","†","9.0","","2.5","","5.8","","12.2","","0.0","","0.0","","0.0","","0.0","","0","","","","",""
"-115.07","49.49","FERNIE","1152850","2011-11-01","2011","11","01","†","7.0","","-6.0","","0.5","","17.5","","0.0","","0.0","","0.0","","0.0","","0","","","","",""
"-115.07","49.49","FERNIE","1152850","2011-11-02","2011","11","02","†","7.0","","-3.0","","2.0","","16.0","","0.0","","0.0","","0.0","","0.0","","0","","","","",""
"-115.07","49.49","FERNIE","1152850","2011-11-03","2011","11","03","†","6.0","","-7.0","","-0.5","","18.5","","0.0","","0.0","","0.0","T","0.0","T","0","","","","",""
"-115.07","49.49","FERNIE","1152850","2011-11-04","2011","11","04","†","3.5","","-5.0","","-0.8","","18.8","","0.0","","0.0","","0.0","","0.0","","0","T","","","",""
"-115.07","49.49","FERNIE","1152850","2011-11-05","2011","11","05","†","4.0","","-7.0","","-1.5","","19.5","","0.0","","0.0","","0.0","","0.0","","0","","","","",""
"-115.07","49.49","FERNIE","1152850","2011-11-06","2011","11","06","†","3.0","","-8.0","","-2.5","","20.5","","0.0","","0.0","","0.0","","0.0","","0","","","","",""
"-115.07","49.49","FERNIE","1152850","2011-11-07","2011","11","07","†","3.0","","-6.0","","-1.5","","19.5","","0.0","","0.0","","0.0","T","0.0","T","0","","","","",""
"-115.07","49.49","FERNIE","1152850","2011-11-08","2011","11","08","†","8.0","","-1.0","","3.5","","14.5","","0.0","","0.0","","0.0","","0.0","","0","T","","","",""
"-115.07","49.49","FERNIE","1152850","2011-11-09","2011","11","09","†","4.0","","-4.0","","0.0","","18.0","","0.0","","0.0","","0.0","","0.0","","0","","","","",""
"-115.07","49.49","FERNIE","1152850","2011-11-10","2011","11","10","","","","","","","","","","","","","","","","","","","","","","",""
"-115.07","49.49","FERNIE","1152850","2011-11-11","2011","11","11","","","","","","","","","","","","","","","","","","","","","","",""
"-115.07","49.49","FERNIE","1152850","2011-11-12","2011","11","12","","","","","","","","","","","","","","","","","","","","","","",""
"-115.07","49.49","FERNIE","1152850","2011-11-13","2011","11","13","†","4.0","","0.0","","2.0","","16.0","","0.0","","0.0","","2.0","","2.0","","9","","","","",""
"-115.07","49.49","FERNIE","1152850","2011-11-14","2011","11","14","†","3.0","","-1.5","","0.8","","17.2","","0.0","","0.0","","0.0","","0.0","","10","","","","",""
"-115.07","49.49","FERNIE","1152850","2011-11-15","2011","11","15","†","0.0","","-15.0","","-7.5","","25.5","","0.0","","0.0","","0.0","","0.0","","0","","","","",""
"-115.07","49.49","FERNIE","1152850","2011-11-16","2011","11","16","†","3.0","","-16.0","","-6.5","","24.5","","0.0","","0.0","","9.0","","9.0","","0","","","","",""
"-115.07","49.49","FERNIE","1152850","2011-11-17","2011","11","17","†","1.0","","-8.0","","-3.5","","21.5","","0.0","","0.0","","2.0","","2.0","","20","","","","",""
"-115.07","49.49","FERNIE","1152850","2011-11-18","2011","11","18","†","-7.0","","-8.0","","-7.5","","25.5","","0.0","","0.0","","0.0","","0.0","","21","","","","",""
"-115.07","49.49","FERNIE","1152850","2011-11-19","2011","11","19","†","-8.0","","-26.0","","-17.0","","35.0","","0.0","","0.0","","0.0","T","0.0","T","20","","","","",""
"-115.07","49.49","FERNIE","1152850","2011-11-20","2011","11","20","†","-5.0","","-21.0","","-13.0","","31.0","","0.0","","0.0","","1.0","","1.0","","20","","","","",""
"-115.07","49.49","FERNIE","1152850","2011-11-21","2011","11","21","","","","","","","","","","","","","","","","","","","","","","",""
"-115.07","49.49","FERNIE","1152850","2011-11-22","2011","11","22","","","","","","","","","","","","","","","","","","","","","","",""
"-115.07","49.49","FERNIE","1152850","2011-11-23","2011","11","23","†","7.0","","2.0","","4.5","","13.5","","0.0","","49.0","","0.0","","49.0","","8","","","","",""
"-115.07","49.49","FERNIE","1152850","2011-11-24","2011","11","24","†","4.0","","0.0","","2.0","","16.0","","0.0","","0.0","","1.0","","1.0","","4","","","","",""
"-115.07","49.49","FERNIE","1152850","2011-11-25","2011","11","25","†","3.0","","1.0","","2.0","","16.0","","0.0","","0.0","","0.0","","0.0","","8","","","","",""
"-115.07","49.49","FERNIE","1152850","2011-11-26","2011","11","26","†","2.0","","-8.0","","-3.0","","21.0","","0.0","","0.0","","0.0","","0.0","","0","","","","",""
"-115.07","49.49","FERNIE","1152850","2011-11-27","2011","11","27","†","8.0","","-4.0","","2.0","","16.0","","0.0","","5.8","","0.0","","5.8","","0","","","","",""
"-115.07","49.49","FERNIE","1152850","2011-11-28","2011","11","28","†","5.0","","0.0","","2.5","","15.5","","0.0","","0.0","","0.0","","0.0","","3","","","","",""
"-115.07","49.49","FERNIE","1152850","2011-11-29","2011","11","29","†","4.0","","1.0","","2.5","","15.5","","0.0","","0.0","","4.0","","4.0","","2","","","","",""
"-115.07","49.49","FERNIE","1152850","2011-11-30","2011","11","30","†","4.0","","-1.0","","1.5","","16.5","","0.0","","0.0","","0.0","","0.0","","6","","","","",""
"-115.07","49.49","FERNIE","1152850","2011-12-01","2011","12","01","†","1.0","","-1.0","","0.0","","18.0","","0.0","","0.0","","0.0","","0.0","","5","","","","",""
"-115.07","49.49","FERNIE","1152850","2011-12-02","2011","12","02","†","3.0","","-7.0","","-2.0","","20.0","","0.0","","0.0","","0.0","","0.0","","5","","","","",""
"-115.07","49.49","FERNIE","1152850","2011-12-03","2011","12","03","†","-1.0","","-12.0","","-6.5","","24.5","","0.0","","0.0","","5.0","","5.0","","5","","","","",""
"-115.07","49.49","FERNIE","1152850","2011-12-04","2011","12","04","†","0.0","","-10.0","","-5.0","","23.0","","0.0","","0.0","","0.0","","0.0","","10","","","","",""
"-115.07","49.49","FERNIE","1152850","2011-12-05","2011","12","05","†","-4.0","","-15.0","","-9.5","","27.5","","0.0","","0.0","","0.0","","0.0","","8","","","","",""
"-115.07","49.49","FERNIE","1152850","2011-12-06","2011","12","06","†","1.0","","-7.0","","-3.0","","21.0","","0.0","","0.0","","0.0","","0.0","","7","","","","",""
"-115.07","49.49","FERNIE","1152850","2011-12-07","2011","12","07","†","-4.0","","-13.0","","-8.5","","26.5","","0.0","","0.0","","0.0","","0.0","","7","","","","",""
"-115.07","49.49","FERNIE","1152850","2011-12-08","2011","12","08","†","-3.0","","-13.0","","-8.0","","26.0","","0.0","","0.0","","0.0","","0.0","","7","","","","",""
"-115.07","49.49","FERNIE","1152850","2011-12-09","2011","12","09","†","-5.0","","-15.0","","-10.0","","28.0","","0.0","","0.0","","0.0","T","0.0","T","7","","","","",""
"-115.07","49.49","FERNIE","1152850","2011-12-10","2011","12","10","†","-3.0","","-14.0","","-8.5","","26.5","","0.0","","0.0","","0.0","","0.0","","7","","","","",""
"-115.07","49.49","FERNIE","1152850","2011-12-11","2011","12","11","†","-3.0","","-15.0","","-9.0","","27.0","","0.0","","0.0","","3.0","","3.0","","7","","","","",""
"-115.07","49.49","FERNIE","1152850","2011-12-12","2011","12","12","†","-3.0","","-12.0","","-7.5","","25.5","","0.0","","0.0","","0.0","","0.0","","9","","","","",""
"-115.07","49.49","FERNIE","1152850","2011-12-13","2011","12","13","†","-5.0","","-12.0","","-8.5","","26.5","","0.0","","0.0","","1.0","","1.0","","0","","","","",""
"-115.07","49.49","FERNIE","1152850","2011-12-14","2011","12","14","†","-3.0","","-10.0","","-6.5","","24.5","","0.0","","0.0","","6.0","","6.0","","8","","","","",""
"-115.07","49.49","FERNIE","1152850","2011-12-15","2011","12","15","†","1.0","","-6.0","","-2.5","","20.5","","0.0","","0.0","","8.0","","8.0","","13","","","","",""
"-115.07","49.49","FERNIE","1152850","2011-12-16","2011","12","16","†","4.0","","-4.0","","0.0","","18.0","","0.0","","0.0","","0.0","","0.0","","18","","","","",""
"-115.07","49.49","FERNIE","1152850","2011-12-17","2011","12","17","†","7.0","","-2.0","","2.5","","15.5","","0.0","","13.0","","0.0","","13.0","","14","","","","",""
"-115.07","49.49","FERNIE","1152850","2011-12-18","2011","12","18","†","7.0","","3.0","","5.0","","13.0","","0.0","","0.0","","1.0","","1.0","","6","","","","",""
"-115.07","49.49","FERNIE","1152850","2011-12-19","2011","12","19","†","2.0","","-5.0","","-1.5","","19.5","","0.0","","0.0","","0.0","","0.0","","4","","","","",""
"-115.07","49.49","FERNIE","1152850","2011-12-20","2011","12","20","†","3.0","","-4.0","","-0.5","","18.5","","0.0","","0.0","","0.0","","0.0","","4","","","","",""
"-115.07","49.49","FERNIE","1152850","2011-12-21","2011","12","21","†","0.0","","-9.0","","-4.5","","22.5","","0.0","","0.0","","0.0","","0.0","","4","","","","",""
"-115.07","49.49","FERNIE","1152850","2011-12-22","2011","12","22","†","-1.0","","-11.0","","-6.0","","24.0","","0.0","","0.0","","0.0","","0.0","","4","","","","",""
"-115.07","49.49","FERNIE","1152850","2011-12-23","2011","12","23","†","2.0","","-10.0","","-4.0","","22.0","","0.0","","0.0","","0.0","","0.0","","4","","","","",""
"-115.07","49.49","FERNIE","1152850","2011-12-24","2011","12","24","","","","","","","","","","","","","","","","","","","","","","",""
"-115.07","49.49","FERNIE","1152850","2011-12-25","2011","12","25","","","","","","","","","","","","","","","","","","","","","","",""
"-115.07","49.49","FERNIE","1152850","2011-12-26","2011","12","26","","","","","","","","","","","","","","","","","","","","","","",""
"-115.07","49.49","FERNIE","1152850","2011-12-27","2011","12","27","","","","","","","","","","","","","","","","","","","","","","",""
"-115.07","49.49","FERNIE","1152850","2011-12-28","2011","12","28","","","","","","","","","","","","","","","","","","","","","","",""
"-115.07","49.49","FERNIE","1152850","2011-12-29","2011","12","29","†","6.0","","1.5","","3.8","","14.2","","0.0","","10.0","","4.0","","14.0","","0","","","","",""
"-115.07","49.49","FERNIE","1152850","2011-12-30","2011","12","30","†","5.0","","-1.0","","2.0","","16.0","","0.0","","1.6","","0.0","","1.6","","0","","","","",""
"-115.07","49.49","FERNIE","1152850","2011-12-31","2011","12","31","†","0.0","","0.0","","0.0","","18.0","","0.0","","0.0","","0.0","","0.0","","4","","","","",""
